Language,LanguageCode,AppName,ShortDescription,FullDescription
English,en-US,AI Storage Cleaner,"Clean storage, remove duplicate photos, clear app cache, and optimize space.","AI Storage Cleaner helps you optimize your device storage and free up valuable space with smart file management tools.

Key Features:
• AI Smart Scan: Identify unnecessary system cache, temp files, and redundant residual data.
• Swipe Gallery Cleaner: Swipe left to delete unwanted photos and swipe right to keep your best memories.
• Duplicate Photo Detector: Find and remove duplicate photos and burst shots while automatically preserving the clearest picture.
• Media Compressor: Compress large 4K videos and high-resolution photos without noticeable loss of quality.
• App Cache Cleaner: Easily identify applications accumulating heavy cached files and manage app storage.
• Safe Vault: Protect sensitive media and files by auto-sorting them into a secure local vault.
• Smart Downloads Expiry: Automatically highlight outdated downloads and large files over 30, 60, or 90 days old.
• Storage Analytics: Visual charts showing detailed storage distribution across photos, videos, apps, and documents.

Privacy & Transparency:
All file scans, calculations, and deletions happen locally on your device. Your photos and personal files are never uploaded or shared with external servers.

Permissions:
- Storage access: Needed to scan, organize, and delete files selected by the user.
- Notifications: Optional alerts for storage updates and completed cleanup tasks."
Spanish,es-ES,Limpiador de Almacenamiento,"Limpia memoria, elimina fotos duplicadas, borra caché y optimiza espacio.","Limpiador de Almacenamiento con IA te ayuda a optimizar el espacio de tu dispositivo mediante herramientas inteligentes de gestión de archivos.

Funciones clave:
• Escaneo Inteligente: Identifica caché del sistema, archivos temporales y datos residuales redundantes.
• Limpiador de Galería por Deslizar: Desliza a la izquierda para eliminar fotos no deseadas y a la derecha para conservar recuerdos.
• Detector de Fotos Duplicadas: Encuentra y elimina fotos duplicadas manteniendo automáticamente la toma con mejor claridad.
• Compresor de Archivos: Comprime vídeos 4K y fotos de alta resolución sin pérdida visible de calidad.
• Limpiador de Caché de Aplicaciones: Identifica fácilmente las aplicaciones que acumulan caché pesado.
• Bóveda Segura: Protege fotos y archivos sensibles organizándolos en una bóveda local segura.
• Caducidad de Descargas: Detecta descargas antiguas de más de 30, 60 o 90 días.
• Análisis de Almacenamiento: Gráficos intuitivos con la distribución de fotos, vídeos, aplicaciones y documentos.

Privacidad:
Todos los análisis y eliminaciones de archivos se realizan localmente en tu dispositivo. Tus archivos personales nunca se suben a servidores externos."
French,fr-FR,Nettoyeur de Stockage AI,"Nettoyez le stockage, supprimez les doublons et videz le cache facilement.","Nettoyeur de Stockage AI vous aide à optimiser l'espace de votre appareil grâce à des outils intelligents de gestion de fichiers.

Fonctionnalités principales:
• Analyse Intelligente par IA: Identifiez le cache système, les fichiers temporaires et les données résiduelles.
• Nettoyage de Galerie par Balayage: Balayez vers la gauche pour supprimer les photos inutiles et à droite pour conserver les meilleures.
• Détecteur de Photos Similaires: Trouvez et supprimez les doublons en conservant automatiquement la photo la plus nette.
• Compresseur Média: Compressez les vidéos 4K et photos haute résolution sans perte visible de qualité.
• Nettoyeur de Cache d'Applications: Repérez facilement les applications accumulant un cache volumineux.
• Coffre Sécurisé: Protégez vos médias et fichiers sensibles dans un coffre local sécurisé.
• Expiration des Téléchargements: Identifiez automatiquement les téléchargements datant de plus de 30, 60 ou 90 jours.
• Graphiques d'Analyse: Visualisez la répartition précise de vos photos, vidéos, applications et documents.

Confidentialité:
Toutes les analyses et suppressions sont effectuées localement sur votre appareil. Vos photos et fichiers personnels ne sont jamais transférés sur des serveurs externes."
German,de-DE,KI Speicher Reiniger,"Bereinigen Sie Speicherplatz, entfernen Sie doppelte Fotos und App-Cache.","KI Speicher Reiniger hilft Ihnen, den Speicherplatz Ihres Geräts mit intelligenten Dateiverwaltungstools zu optimieren.

Hauptfunktionen:
• KI-Intelligenter Scan: Erkennt System-Cache, temporäre Dateien und verbleibende Datenmüll-Dateien.
• Wisch-Reinigung für Galerie: Wischen Sie nach links zum Löschen und nach rechts zum Behalten Ihrer Fotos.
• Erkennung doppelter Fotos: Findet und entfernt doppelte Fotos und behält automatisch die klarste Aufnahme.
• Medien-Komprimierung: Komprimiert 4K-Videos und hochauflösende Fotos ohne spürbaren Qualitätsverlust.
• App-Cache-Reiniger: Erkennt Anwendungen mit großem Cache-Speicher auf einen Blick.
• Sicherer Tresor: Schützt vertrauliche Fotos und Dateien in einem sicheren lokalen Tresor.
• Automatische Download-Ablaufzeit: Markiert alte Downloads, die älter als 30, 60 oder 90 Tage sind.
• Speicher-Analyse: Übersichtliche Diagramme zur Verteilung von Fotos, Videos, Apps und Dokumenten.

Datenschutz:
Alle Überprüfungen und Löschvorgänge werden lokal auf Ihrem Gerät durchgeführt. Ihre persönlichen Dateien werden niemals auf externe Server hochgeladen."
Japanese,ja-JP,AIストレージクリーナー,写真の重複削除、アプリキャッシュの消去、空き容量の最適化を簡単に実行。,"AIストレージクリーナーは、スマートなファイル管理ツールで端末のストレージ容量を最適化します。

主な機能：
・AIスマートスキャン：不要なシステムキャッシュや一時ファイルを自動検出。
・スワイプ写真クリーン：左スワイプで不要な写真を削除、右スワイプでお気に入りを保存。
・重複写真検出：似ている写真や連写グループから最も鮮明な1枚を自動選択し、重複分を削除。
・メディア圧縮：品質を損なわずに大容量の4K動画や高解像度写真を圧縮。
・アプリキャッシュクリーナー：蓄積された不要なアプリキャッシュを一覧表示して簡単整理。
・安全な金庫フォルダ：重要なファイルやプライベート写真を安全なローカルフォルダに保護。
・ダウンロード自動期限切れ：30日・60日・90日以上経過した古いファイルを検出し整理を提案。
・ストレージ統計チャート：写真、動画、アプリ、ドキュメントの使用割合を分かりやすくグラフ表示。

プライバシー保護：
すべてのファイルスキャンおよび削除処理は端末内でローカルに実行されます。写真や個人データが外部サーバーへ送信されることはありません。"
Chinese (Simplified),zh-CN,AI 存储空间清理器,轻松清理系统缓存、删除重复照片、整理大文件并优化手机存储空间。,"AI 存储空间清理器运用智能文件管理工具，帮助您轻松优化手机存储空间并释放宝贵容量。

核心功能：
• AI 智能扫描：一键精准检测系统缓存、临时文件及无用残留数据。
• 滑动相册清理：左滑快速清理无用废片，右滑轻松保留美好记忆。
• 重复照片检测：自动识别相似照片与连拍，智能保留清晰度最高的一张并清理冗余副本。
• 媒体文件压缩：无损视觉质量无缝压缩 4K 大视频与高解析度照片。
• 应用缓存清理：清晰直观呈现各大应用占用的缓存数据并便捷清理。
• 加密安全保险箱：将重要照片与隐私文件保存在本地加密保险箱中。
• 下载文件自动过期：自动筛选存放超过 30、60 或 90 天的旧下载文件。
• 存储空间可视化分析：图形化图表直观展示照片、视频、应用与文档的占用比例。

隐私承诺：
所有文件扫描、计算与清理均在本地设备完成，您的个人照片与隐私文件绝不会上传至任何外部服务器。"
Vietnamese,vi-VN,Dọn Dẹp Bộ Nhớ AI,"Dọn dẹp bộ nhớ, xóa ảnh trùng lặp, xóa cache ứng dụng và tối ưu dung lượng.","Dọn Dẹp Bộ Nhớ AI giúp bạn tối ưu hóa dung lượng thiết bị và giải phóng bộ nhớ hiệu quả với công cụ quản lý tệp thông minh.

Tính năng nổi bật:
• Quét Thông Minh AI: Nhận diện bộ nhớ đệm hệ thống, tệp tạm và dữ liệu thừa nhanh chóng.
• Vuốt Dọn Dẹp Thư Viện Ảnh: Vuốt sang trái để xóa ảnh thừa, vuốt sang phải để giữ lại ảnh đẹp.
• Nhận Diện Ảnh Trùng Lặp: Tự động phát hiện ảnh trùng lặp, tự động chọn tấm ảnh nét nhất và đề xuất xóa bản sao.
• Nén Video & Ảnh Mới: Nén video 4K và ảnh dung lượng lớn mà không làm giảm chất lượng hình ảnh.
• Dọn Cache Ứng Dụng: Quản lý và giải phóng bộ nhớ đệm chiếm dụng bởi các ứng dụng.
• Két An Toàn Bảo Mật: Di chuyển các ảnh và tệp riêng tư vào thư mục két an toàn trên thiết bị.
• Cảnh Báo Tệp Cũ: Tự động nhắc nhở dọn dẹp các tệp tải về đã quá 30, 60 hoặc 90 ngày.
• Biểu Đồ Thống Kê Dung Lượng: Hiển thị trực quan tỷ lệ bộ nhớ của ảnh, video, ứng dụng và tài liệu.

Bảo mật & Quyền riêng tư:
Tất cả quá trình quét và xóa tệp được thực hiện hoàn toàn cục bộ trên điện thoại của bạn. Dữ liệu cá nhân không bao giờ bị tải lên máy chủ bên ngoài."
Arabic,ar-SA,منظف المساحة الذكي,تنظيف ذاكرة التخزين، إزالة الصور المكررة، مسح التخزين المؤقت وتحسين المساحة.,"يساعدك منظف المساحة الذكي على تحسين مساحة التخزين في جهازك وتحرير المساحة باستخدام أدوات إدارة الملفات الذكية.

الميزات الرئيسية:
• الفحص الذكي: التعرف على ذاكرة التخزين المؤقت للنظام والملفات المؤقتة والبيانات المتبقية.
• تنظيف الصور بالسحب: اسحب لليسار لحذف الصور غير المرغوب فيها واسحب لليمين للاحتفاظ بالذكريات.
• كاشف الصور المكررة: العثور على الصور المكررة وحذفها مع الاحتفاظ بالصورة الأكثر وضوحًا تلقائيًا.
• ضغط الوسائط: ضغط مقاطع الفيديو بدقة 4K والصور عالية الدقة دون فقدان ملحوظ في الجودة.
• منظف التخزين المؤقت للتطبيقات: التعرف بسهولة على التطبيقات التي تستهلك مساحة كبيرة.
• الخزنة الآمنة: حماية الصور والملفات الحساسة عن طريق نقلها إلى خزنة محلية آمنة.
• انتهاء صلاحية التنزيلات: اكتشاف التنزيلات القديمة التي مر عليها أكثر من 30 أو 60 أو 90 يومًا.
• تحليلات التخزين: رسوم بيانية توضح توزيع المساحة بين الصور ومقاطع الفيديو والتطبيقات والمستندات.

الخصوصية والأمان:
تتم جميع عمليات الفحص والحذف محليًا على جهازك. لا يتم تحميل صورك أو ملفاتك الشخصية إلى أي خوادم خارجية."
Hindi,hi-IN,AI स्टोरेज क्लीनर,"स्टोरेज साफ करें, डुप्लिकेट फोटो हटाएं, ऐप कैश साफ़ करें और जगह बचाएं।","AI स्टोरेज क्लीनर आपके डिवाइस के स्टोरेज को मैनेज करने और खाली जगह बनाने में मदद करता है।

मुख्य विशेषताएं:
• AI स्मार्ट स्कैन: सिस्टम कैश, टेम्पररी फाइलों और अनावश्यक डेटा को पहचानें।
• स्वाइप फोटो क्लीनर: अवांछित फोटो हटाने के लिए बाएं स्वाइप करें और अच्छी फोटो रखने के लिए दाएं स्वाइप करें।
• डुप्लिकेट फोटो डिटेक्टर: डुप्लिकेट फोटो ढूंढें और साफ़ करें, जबकि सबसे साफ़ फोटो अपने आप सुरक्षित रहती है।
• मीडिया कंप्रेसर: 4K वीडियो और फोटो की क्वालिटी घटाए बिना साइज कम करें।
• ऐप कैश क्लीनर: ऐप्स द्वारा ली गई अनावश्यक कैश मेमोरी को आसानी से साफ़ करें।
• सुरक्षित वॉल्ट: अपनी निजी फोटो और फाइलों को सुरक्षित लोकल वॉल्ट में रखें।
• पुरानी फाइलों की समाप्ति: 30, 60 या 90 दिनों से पुरानी डाउनलोड फाइलों की पहचान करें।
• स्टोरेज एनालिटिक्स: फोटो, वीडियो, ऐप और डॉक्यूमेंट्स के स्टोरेज उपयोग का ग्राफ देखें।

गोपनीयता और सुरक्षा:
सभी फाइलों की जांच और सफाई पूरी तरह से आपके फोन पर होती है। आपकी निजी फाइलें कभी भी बाहरी सर्वर पर अपलोड नहीं की जाती हैं।"
Portuguese,pt-BR,Limpador de Armazenamento,"Limpe o armazenamento, remova fotos duplicadas e apague o cachê de apps.","O Limpador de Armazenamento ajuda você a otimizar o espaço do seu dispositivo com ferramentas inteligentes de gerenciamento de arquivos.

Recursos principais:
• Varredura Inteligente com IA: Identifique cache do sistema, arquivos temporários e dados residuais.
• Limpeza por Deslize: Deslize para a esquerda para apagar fotos indesejadas e para a direita para manter as melhores.
• Detector de Fotos Duplicadas: Encontre e remova fotos duplicadas mantendo automaticamente a imagem mais nítida.
• Compressor de Mídia: Comprima vídeos 4K e fotos de alta resolução sem perda visível de qualidade.
• Limpador de Cache de Apps: Identifique facilmente os aplicativos que acumulam arquivos de cache pesados.
• Cofre Seguro: Proteja fotos e arquivos confidenciais organizando-os em um cofre local seguro.
• Expiração de Downloads: Identifique downloads antigos com mais de 30, 60 ou 90 dias.
• Gráficos de Armazenamento: Visualize a distribuição de espaço ocupado por fotos, vídeos, apps e documentos.

Privacidade:
Todas as verificações e exclusões ocorrem localmente no seu dispositivo. Suas fotos e arquivos pessoais nunca são enviados para servidores externos."
Russian,ru-RU,Очистка памяти AI,"Очищайте память, удаляйте дубликаты фото и кэш приложений быстро и легко.","Очистка памяти AI помогает оптимизировать свободное место на вашем устройстве с помощью умных инструментов управления файлами.

Основные функции:
• Умное сканирование AI: Находите системный кэш, временные файлы и остаточный мусор в один клик.
• Свайп-очистка галереи: Смахивайте влево для удаления ненужных фото и вправо для сохранения лучших снимков.
• Поиск дубликатов фото: Находите и удаляйте похожие снимки, автоматически сохраняя самый четкий кадр.
• Сжатие медиафайлов: Сжимайте 4K-видео и фото высокого разрешения без видимой потери качества.
• Очистка кэша приложений: Удобно просматривайте и очищайте накопившийся кэш приложений.
• Защищенное хранилище: Храните личные фото и важные файлы в безопасной локальной папке.
• Срок службы загрузок: Находите устаревшие файлы в папке загрузок старше 30, 60 или 90 дней.
• Аналитика памяти: Наглядные диаграммы распределения памяти между фото, видео, приложениями и документами.

Конфиденциальность:
Все процессы сканирования и удаления выполняются локально на вашем устройстве. Ваши личные файлы никогда не передаются на сторонние серверы."
Korean,ko-KR,AI 저장공간 정리,"중복 사진 삭제, 앱 캐시 정리, 저장공간 최적화를 손쉽게 실행하세요.","AI 저장공간 정리는 스마트한 파일 관리 도구를 통해 기기의 저장공간을 효율적으로 최적화합니다.

주요 기능:
• AI 스마트 스캔: 불필요한 시스템 캐시, 임시 파일 및 잔여 데이터를 원터치로 감지합니다.
• 스와이프 갤러리 정리: 왼쪽으로 스와이프하여 ненужные 사진을 삭제하고, 오른쪽으로 스와이프하여 소중한 추억을 보관하세요.
• 중복 사진 탐지: 유사한 사진과 연속 촬영 중 가장 선명한 사진을 자동으로 남기고 중복본을 정리합니다.
• 미디어 압축: 화질 손상 없이 4K 동영상 및 고해상도 사진의 용량을 줄입니다.
• 앱 캐시 정리: 용량을 많이 차지하는 앱 캐시를 쉽게 확인하고 정리할 수 있습니다.
• 안전 보관함: 중요한 사진과 파일을 기기 내 암호화된 안전 보관함에 보관하세요.
• 다운로드 만료 알림: 30일, 60일, 90일 이상 지난 오래된 다운로드 파일을 감지합니다.
• 저장공간 통계 차트: 사진, 동영상, 앱, 문서별 용량 점유율을 한눈에 그래프로 확인하세요.

개인정보 보호:
모든 파일 스캔 및 정리 작업은 사용자의 기기 내부에서만 로컬로 처리됩니다. 사진과 개인 데이터는 외부 서버로 전송되지 않습니다."
Italian,it-IT,Pulizia Memoria AI,"Pulisci memoria, rimuovi foto duplicate, svuota la cache e ottimizza spazio.","Pulizia Memoria AI ti aiuta a ottimizzare lo spazio sul tuo dispositivo con strumenti intelligenti di gestione dei file.

Funzionalità principali:
• Scansione Intelligente AI: Individua cache di sistema, file temporanei e dati residui in un tocco.
• Pulizia Galleria con Swipe: Scorri a sinistra per eliminare le foto indesiderate e a destra per conservare i ricordi migliori.
• Rilevatore Foto Duplicate: Trova ed elimina i duplicati mantenendo automaticamente lo scatto più nitido.
• Compressione File Multimediali: Comprimi video 4K e foto ad alta risoluzione senza perdita visibile di qualità.
• Pulizia Cache App: Gestisci facilmente le applicazioni che accumulano file di cache pesanti.
• Cassaforte Sicura: Proteggi foto e file personali organizzandoli in una cassaforte locale sicura.
• Scadenza Download: Rileva automaticamente i download vecchi di oltre 30, 60 o 90 giorni.
• Statistiche sullo Spazio: Grafici chiari che mostrano la distribuzione dello spazio tra foto, video, app e documenti.

Privacy:
Tutte le scansioni e le eliminazioni avvengono localmente sul tuo dispositivo. I tuoi file personali non vengono mai inviati a server esterni."
Dutch,nl-NL,AI Opslag Opschonen,"Schoon opslagruimte op, verwijder dubbele foto's en wis app-cache snel.","AI Opslag Opschonen helpt u de opslagruimte van uw apparaat te optimaliseren met slimme bestandsbeheertools.

Belangrijkste functies:
• Slimme AI-scan: Detecteer systeemcache, tijdelijke bestanden en resterende data met één tik.
• Galerij Opschonen via Vegen: Veeg naar links om ongewenste foto's te verwijderen en naar rechts om herinneringen te bewaren.
• Dubbele Foto's Detecteren: Vind en verwijder dubbele foto's terwijl automatisch de scherpste foto wordt behouden.
• Media Comprimeren: Comprimeer 4K-video's en foto's zonder merkbaar kwaliteitsverlies.
• App Cache Opschonen: Zie direct welke apps grote hoeveelheden cachegeheugen in beslag nemen.
• Veilige Kluis: Bescherm gevoelige foto's en bestanden in een veilige lokale kluis.
• Downloads Vervaldatum: Detecteer oude downloads die ouder zijn dan 30, 60 of 90 dagen.
• Opslaganalyse: Overzichtelijke grafieken van het geheugengebruik per categorie.

Privacy:
Alle scans en verwijderingen worden lokaal op uw apparaat uitgevoerd. Uw persoonlijke bestanden worden nooit geüpload naar externe servers."
Polish,pl-PL,Czyszczenie Pamięci AI,"Usuwaj duplikaty zdjęć, czyść pamięć podręczną aplikacji i zwalniaj miejsce.","Czyszczenie Pamięci AI pomaga zoptymalizować miejsce w pamięci urządzenia za pomocą inteligentnych narzędzi do zarządzania plikami.

Główne funkcja:
• Inteligentne skanowanie AI: Wykrywaj pamięć podręczną systemu, pliki tymczasowe i zbędne dane.
• Czyszczenie galerii gestem: Przesuń w lewo, aby usunąć niechciane zdjęcia, lub w prawo, aby zachować najlepsze ujęcia.
• Wykrywanie duplikatów zdjęć: Znajduj i usuwaj powtarzające się zdjęcia, automatycznie zachowując najostrzeższą fotografię.
• Kompresja multimediów: Kompresuj wideo 4K i zdjęcia w wysokiej rozdzielczości bez widocznej utraty jakości.
• Czyszczenie pamięci podręcznej aplikacji: Łatwo identyfikuj aplikacje gromadzące duże ilości pamięci cache.
• Bezpieczny sejf: Chroń prywatne zdjęcia i pliki w bezpiecznym lokalnym sejfie.
• Automatyczne wygasanie pobranych plików: Wykrywaj pliki pobrane starsze niż 30, 60 lub 90 dni.
• Analiza pamięci: Czytelne wykresy przedstawiające podział pamięci na zdjęcia, wideo, aplikacje i dokumenty.

Prywatność:
Wszystkie skany i usunięcia plików odbywają się lokalnie na Twoim urządzeniu. Twoje prywatne pliki nigdy nie są wysyłane na zewnętrzne serwery."
Turkish,tr-TR,AI Depolama Temizleyici,"Depolama alanını temizleyin, yinelenen fotoğrafları ve önbelleği silin.","AI Depolama Temizleyici, akıllı dosya yönetimi araçlarıyla cihazınızın depolama alanını optimize etmenize yardımcı olur.

Ana Özellikler:
• AI Akıllı Tarama: Sistem önbelleğini, geçici dosyaları ve artık verileri tek dokunuşla tespit edin.
• Kaydırarak Galeri Temizleme: İstenmeyen fotoğrafları silmek için sola, anılarınızı saklamak için sağa kaydırın.
• Yinelenen Fotoğraf Tespiti: En net fotoğrafı otomatik olarak korurken benzer fotoğrafları bulun ve silin.
• Medya Sıkıştırma: Kalite kaybı yaşamadan 4K videoları ve yüksek çözünürlüklü fotoğrafları sıkıştırın.
• Uygulama Önbellek Temizleyici: Yüksek miktarda önbellek biriktiren uygulamaları kolayca temizleyin.
• Güvenli Kasa: Hassas fotoğrafları ve dosyaları güvenli bir yerel kasada koruyun.
• İndirme Süresi Sınırı: 30, 60 veya 90 günden eski indirmeleri otomatik olarak tespit edin.
• Depolama Analizi: Fotoğraflar, videolar, uygulamalar ve belgeler arasındaki alan dağılımını grafiklerle görün.

Gizlilik:
Tüm tarama ve silme işlemleri cihazınızda yerel olarak gerçekleşir. Kişisel dosyalarınız asla harici sunuculara yüklenmez."
Swedish,sv-SE,AI Lagringsrensare,"Rensa lagringsutrymme, ta bort dubbeltecknade foton och töm appcache.","AI Lagringsrensare hjälper dig att optimera enhetens utrymme med smarta filhanteringsverktyg.

Huvudfunktioner:
• AI Smartskanning: Hitta systemcache, temporära filer och skräpfiler med ett tryck.
• Svep-galleri Rensing: Svep till vänster för att radera foton och till höger för att behålla dem.
• Detektera Dubblettfoton: Hitta och ta bort liknande foton medan den skarpaste bilden behålls automatiskt.
• Mediekomprimering: Komprimera 4K-videor och högupplösta foton utan synbar kvalitetsförlust.
• App-cache Rensa: Hitta enkelt appar som samlar på sig stor mängd cacheminne.
• Säkert Valv: Skydda kännsliga foton och filer i ett säkert lokalt valv.
• Utgångsdatum för Nedladdningar: Hitta gamla nedladdade filer som är äldre än 30, 60 eller 90 dagar.
• Lagringsanalys: Tydliga diagram som visar fördelningen mellan foton, videor, appar och dokument.

Integritet:
Alla skanningar och raderingar sker lokalt på din enhet. Dina personliga filer överförs aldrig till externa servrar."
Danish,da-DK,AI Lagerrenser,"Rens lagerplads, fjern dubletfotos og ryd app-cache nemt og hurtigt.","AI Lagerrenser hjælper dig med at optimere din enheds lagerplads med intelligente filhåndteringsværktøjer.

Nøglefunktioner:
• AI Smart-scanning: Identificer system-cache, midlertidige filer og resterende data.
• Stryg-gallerirenser: Stryg til venstre for at slette fotos og til højre for at gemme dine minder.
• Registrering af Dubletfotos: Find og fjern dublerede billeder, mens det skarpeste foto automatisk gemmes.
• Mediekomprimering: Komprimer 4K-videoer og fotos i høj opløsning uden synligt kvalitetstab.
• App-cache Rensning: Se nemt hvilke apps der optager meget cache-lagerplads.
• Sikker Boks: Beskyt følsomme billeder og filer i en sikker lokal boks.
• Udløb af Downloads: Identificer automatisk downloads der er ældre end 30, 60 eller 90 dage.
• Lageranalyse: Overskuelige diagrammer over pladsfordelingen mellem fotos, videoer, apps og dokumenter.

Privatliv:
Alle scanninger og sletninger udføres lokalt på din enhed. Dine personlige filer uploades aldrig til eksterne servere."
Finnish,fi-FI,AI Tallennustilan Puhdistus,"Puhdista tallennustila, poista kaksoiskuvat ja tyhjennä sovellusvälimuisti.","AI Tallennustilan Puhdistus auttaa optimoimaan laitteesi tallennustilan älykkäillä tiedostojenhallintatyökaluilla.

Tärkeimmät ominaisuudet:
• AI Älykäs Skannaus: Tunnista järjestelmän välimuisti, väliaikaistiedostot ja turha data yhdellä napautuksella.
• Pyyhkäisypuhdistus Galleria: Pyyhkäise vasemmalle poistaaksesi kuvat ja oikealle säilyttääksesi ne.
• Kaksoiskuvien Tunnistus: Löydä ja poista samankaltaiset kuvat säilyttäen automaattisesti terävimmän otoksen.
• Median Tiivistys: Tiivistä 4K-videot ja korkearesoluutioiset kuvat ilman näkyvää laadun heikkenemistä.
• Sovellusvälimuistin Puhdistus: Tunnista helposti sovellukset, jotka kerryttävät suurta välimuistia.
• Turvaholvi: Suojaa yksityiset kuvat ja tiedostot turvallisessa paikallisessa holvissa.
• Latausten Vanheneminen: Tunnista yli 30, 60 tai 90 päivää vanhat ladatut tiedostot.
• Tallennustilan Analysi: Selkeät kaaviot kuvien, videoiden, sovellusten ja dokumenttien viemästä tilasta.

Tietosuoja:
Kaikki skannaukset ja poistot tapahtuvat paikallisesti laitteellasi. Yksityisiä tiedostojasi ei koskaan lähetetä ulkoisille palvelimille."
Norwegian,nb-NO,AI Lagringsrenser,"Rydd lagringsplass, slett dupliserte bilder og tøm app-buffer enkelt.","AI Lagringsrenser hjelper deg med å optimalisere enhetens lagringsplass med smarte filhåndteringsverktøy.

Hovedfunksjoner:
• AI Smartskanning: Identifiser systembuffer, midlertidige filer og ubrukte data med ett trykk.
• Sveisegalleri-renser: Sveip til venstre for å slette bilder og til høyre for å ta vare på minnene.
• Duplikatbilde-detektor: Finn og slett like bilder mens det skarpeste bildet automatisk bevares.
• Mediekomprimering: Komprimer 4K-videoer og høyoppløselige bilder uten synlig kvalitetstap.
• Tøm App-buffer: Identifiser enkelt apper som samler opp store mengder bufferdata.
• Sikker Hvelv: Beskytt følsomme bilder og filer i et sikkert lokalt hvelv.
• Utløp for Nedlastinger: Oppdag automatisk nedlastede filer som er eldre enn 30, 60 eller 90 dager.
• Lagringsanalyse: Oversiktlige diagrammer som viser fordelingen mellom bilder, videoer, apper og dokumenter.

Personvern:
Alle skanninger og slettinger skjer lokalt på enheten din. Dine personlige filer blir aldri sendt til eksterne servere."
Czech,cs-CZ,AI Čistič Úložiště,"Vyčistěte úložiště, odstraňte duplicitní fotky a smažte mezipaměť aplikací.","AI Čistič Úložiště vám pomůže optimalizovat prostor v zařízení pomocí chytrých nástrojů pro správu souborů.

Hlavní funkce:
• AI Chytré Skenování: Rozpozná systémovou mezipaměť, dočasné soubory a zbytková data.
• Čištění Galerie Tažením: Přejetím dolevá smažete nežádoucí fotky, přejetím doprava je uložíte.
• Detekce Duplicitních Fotek: Najde a odstraní duplicitní snímky, přičemž automaticky zachová nejostřejší fotku.
• Komprese Médií: Zmenšete velikost 4K videí a fotek ve vysokém rozlišení bez viditelné ztráty kvality.
• Čistič Mezipaměti Aplikací: Snadno identifikuje aplikace zabírající velké množství mezipaměti.
• Bezpečný Trezor: Chraňte citlivé fotky a soubory v bezpečném lokálním trezoru.
• Expirace Stažených Souborů: Detekujte staré stažené soubory starší než 30, 60 nebo 90 dní.
• Analýza Úložiště: Přehledné grafy zobrazující rozdělení prostoru mezi fotky, videa, aplikace a dokumenty.

Soukromí:
Všechna skenování a mazání probíhají lokálně ve vašem zařízení. Vaše osobní soubory se nikdy neodesílají na externí servery."
Slovak,sk-SK,AI Čistič Úložiska,"Vyčistite úložisko, odstráňte duplicitné fotky a vymažte vyrovnávaciu pamäť.","AI Čistič Úložiska vám pomôže optimalizovať priestor v zariadení pomocou inteligentných nástrojov na správu súborov.

Hlavné funkcie:
• AI Inteligentné Skenovanie: Rozpozná systémovú vyrovnávaciu pamäť, dočasné súbory a zvyškové dáta.
• Čistenie Galérie Gestom: Potiahnutím doľava vymažete neželané fotky, potiahnutím doprava ich uložíte.
• Detekcia Duplicitných Fotiek: Nájde a odstráni duplicitné zábery, pričom automaticky zachová najostrejšiu fotku.
• Kompresia Médií: Zmenšite veľkosť 4K videí a fotiek bez viditeľnej straty kvality.
• Čistič Vyrovnávacej Pamäte Aplikácií: Ľahko identifikuje aplikácie zaberajúce veľa pamäte.
• Bezpečný Trezor: Chráňte citlivé fotky a súbory v bezpečnom lokálnom trezore.
• Expirácia Stiahnutých Súborov: Detegujte staré stiahnuté súbory staršie ako 30, 60 alebo 90 dní.
• Analýza Úložiska: Prehľadné grafy zobrazujúce rozdelenie priestoru medzi fotky, videá, aplikácie a dokumenty.

Súkromie:
Všetky skenovania a mazania prebiehajú lokálne vo vašom zariadení. Vaše osobné súbory sa nikdy neodesielajú na externé servery."
Hungarian,hu-HU,AI Tárhely Tisztító,"Tisztítsa meg a tárhelyet, törölje a duplikált fotókat és a gyorsítótárat.","Az AI Tárhely Tisztító segít optimalizálni a készülék tárhelyét az intelligens fájlkezelő eszközök segítségével.

Fő funkciók:
• AI Okos Scan: Felismeri a rendszer gyorsítótárat, az ideiglenes fájlokat és a maradék adatokat.
• Húzással Történő Tárhelytisztítás: Húzza balra a nem kívánt fotók törléséhez, és jobbra a képek megőrzéséhez.
• Duplikált Fotók Észlelése: Megkeresi és törli a duplikált fényképeket, miközben automatikusa megőrzi a legélesebb képet.
• Média Tömörítés: Tömörítse a 4K videókat és a nagy felbontású képeket látható minőségromlás nélkül.
• Alkalmazás Gyorsítótár Tisztító: Könnyen azonosítja a nagy gyorsítótárat felhalmozó alkalmazásokat.
• Biztonságos Széf: Védje a bizalmas fotókat és fájlokat egy biztonságos helyi széfben.
• Letöltések Lejárata: Automatikusan észleli a 30, 60 vagy 90 napnál régebbi letöltött fájlokat.
• Tárhely Elemzés: Átlátható diagramok a fotók, videók, alkalmazások és dokumentumok tárhelyhasználatáról.

Adatvédelem:
Minden elemzés és törlés helyileg történik a készülékén. Személyes fájljait soha nem töltjük fel külső szerverekre."
Romanian,ro-RO,Curățare Stocare AI,"Curățați spațiul de stocare, eliminați pozele duplicate și ștergeți cache-ul.","Curățare Stocare AI vă ajută să optimizați spațiul de stocare al dispozitivului cu instrumente inteligente de gestionare a fișierelor.

Caracteristici principale:
• Scanare Inteligentă AI: Identificați cache-ul de sistem, fișierele temporare și datele reziduale.
• Curățare Galerie prin Glisare: Glisați spre stânga pentru a șterge pozele nedorite și spre dreapta pentru a le păstra.
• Detector de Poze Duplicate: Găsiți și eliminați pozele duplicate păstrând automat cea mai clară imagine.
• Compresie Media: Comprimați videoclipurile 4K și pozele de înaltă rezoluție fără pierderi vizibile de calitate.
• Curățare Cache Aplicații: Identificați ușor aplicațiile care acumulează un cache mare.
• Seif Securizat: Protejați pozele și fișierele confidențiale într-un seif local securizat.
• Expirare Descărcări: Detectați automat fișierele descărcate mai vechi de 30, 60 sau 90 de zile.
• Analiză Stocare: Grafice clare care arată distribuția spațiului între poze, videoclipuri, aplicații și documente.

Confidențialitate:
Toate scanările și ștergerile au loc local pe dispozitivul dvs. Fișierele personale nu sunt niciodată încărcate pe servere externe."
Greek,el-GR,Καθαριστής Χώρου AI,"Καθαρίστε το χώρο αποθήκευσης, διαγράψτε διπλότυπες φωτογραφίες και cache.","Ο Καθαριστής Χώρου AI σας βοηθά να βελτιστοποιήσετε το χώρο αποθήκευσης της συσκευής σας με έξυπνα εργαλεία διαχείρισης αρχείων.

Κύρια Χαρακτηριστικά:
• Έξυπνη Σάρωση AI: Εντοπίστε την προσωρινή μνήμη συστήματος, τα προσωρινά αρχεία και τα υπολειμματικά δεδομένα.
• Καθαρισμός Συλλογής με Σύρσιμο: Σύρετε αριστερά για διαγραφή ανεπιθύμητων φωτογραφιών και δεξιά για διατήρηση.
• Εντοπισμός Διπλότυπων Φωτογραφιών: Βρείτε και διαγράψτε διπλότυπες φωτογραφίες διατηρώντας αυτόματα την πιο καθαρή λήψη.
• Συμπίεση Πολυμέσων: Συμπιέστε βίντεο 4K και φωτογραφίες υψηλής ανάλυσης χωρίς ορατή απώλεια ποιότητας.
• Καθαρισμός Cache Εφαρμογών: Εντοπίστε εύκολα εφαρμογές που συσσωρεύουν μεγάλη προσωρινή μνήμη.
• Ασφαλές Χρηματοκιβώτιο: Προστατέψτε ιδιωτικές φωτογραφίες και αρχεία σε ένα ασφαλές τοπικό χρηματοκιβώτιο.
• Λήξη Λήψεων: Εντοπίστε αυτόματα ληφθέντα αρχεία παλαιότερα των 30, 60 ή 90 ημερών.
• Αναλυτικά Στοιχεία Αποθήκευσης: Σαφή γραφήματα που δείχνουν την κατανομή χώρου σε φωτογραφίες, βίντεο, εφαρμογές και έγγραφα.

Ιδιωτικότητα:
Όλες οι σαρώσεις και διαγραφές πραγματοποιούνται τοπικά στη συσκευή σας. Τα προσωπικά σας αρχεία δεν μεταφορτώνονται ποτέ σε εξωτερικούς διακομιστές."
Bulgarian,bg-BG,Почистване на памет AI,"Почистете паметта, изтрийте дублиращите се снимки и кеша на приложенията.","Почистване на памет AI ви помага да оптимизирате дисковото пространство на вашето устройство с интелигентни инструменти за управление на файлове.

Основни функции:
• AI Интелигентно Сканиране: Откривайте системния кеш, временните файлове и остатъчните данни с едно докосване.
• Почистване на Галерията с Плъзгане: Плъзнете наляво за изтриване на снимки и надясно за запазване на спомените.
• Откриване на Дублиращи се Снимки: Намерете и премахнете повторените снимки, като автоматично запазвате най-ясния кадър.
• Компресиране на Медия: Компресирайте 4K видеа и снимки с висока резолюция без видима загуба на качество.
• Почистване Кеша на Приложенията: Лесно идентифицирайте приложенията, натрупващи голям кеш.
• Защитена Сейф Папка: Защитете поверителни снимки и файлове в локален защитен сейф.
• Изтичане на Срок на Изтеглянията: Откривайте изтеглени файлове по-стари от 30, 60 или 90 дни.
• Анализ на Паметта: Ясни графики, показващи разпределението на паметта между снимки, видеа, приложения и документи.

Поверителност:
Всички сканирания и изтривания се извършват локално на вашето устройство. Вашите лични файлове никога не се качват на външни сървъри."
Thai,th-TH,AI ล้างพื้นที่จัดเก็บ,ล้างพื้นที่จัดเก็บ ลบรูปภาพซ้ำ ล้างแคชแอป และคืนพื้นที่ให้โทรศัพท์,"AI ล้างพื้นที่จัดเก็บ ช่วยคุณเพิ่มพื้นที่ว่างในโทรศัพท์และจัดการไฟล์อย่างมีประสิทธิภาพด้วยเครื่องมืออัจฉริยะ

คุณสมบัติหลัก:
• สแกนอัจฉริยะ AI: ตรวจหาแคชระบบ ไฟล์ชั่วคราว และไฟล์ขยะที่ค้างอยู่ในเครื่อง
• ล้างรูปภาพด้วยการปัด: ปัดซ้ายเพื่อลบรูปที่ไม่ต้องการ และปัดขวาเพื่อเก็บรูปภาพความทรงจำ
• ตรวจจับรูปภาพซ้ำ: ค้นหาและลบรูปภาพที่ซ้ำกัน โดยระบบจะเลือกเก็บรูปที่คมชัดที่สุดให้อัตโนมัติ
• บีบอัดไฟล์สื่อ: บีบอัดวิดีโอ 4K และรูปภาพความละเอียดสูงโดยไม่เสียความคมชัด
• ล้างแคชแอปพลิเคชัน: ตรวจสอบและล้างไฟล์แคชที่สะสมในแต่ละแอปได้อย่างง่ายดาย
• ตู้เซฟส่วนตัว: ปกป้องรูปภาพและไฟล์สำคัญไว้ในตู้เซฟในเครื่องที่ปลอดภัย
• จัดการไฟล์ดาวน์โหลดเก่า: ตรวจหาไฟล์ดาวน์โหลดที่มีอายุเกิน 30, 60 หรือ 90 วัน
• วิเคราะห์การใช้พื้นที่: กราฟแสดงสัดส่วนการใช้พื้นที่ของรูปภาพ วิดีโอ แอป และเอกสารอย่างชัดเจน

ความเป็นส่วนตัว:
การสแกนและการลบไฟล์ทั้งหมดดำเนินการภายในเครื่องของคุณเท่านั้น รูปภาพและไฟล์ส่วนตัวของคุณจะไม่มีวันถูกอัปโหลดไปยังเซิร์ฟเวอร์ภายนอก"
Indonesian,id-ID,Pembersih Penyimpanan AI,"Bersihkan penyimpanan, hapus foto duplikat, dan bersihkan cache aplikasi.","Pembersih Penyimpanan AI membantu Anda mengoptimalkan ruang penyimpanan perangkat dengan alat manajemen file cerdas.

Fitur Utama:
• Pemindaian Pintar AI: Deteksi cache sistem, file sementara, dan sisa data sampah dalam satu ketukan.
• Pembersih Galeri Geser: Geser ke kiri untuk menghapus foto dan geser ke kanan untuk menyimpan kenangan terbaik.
• Detektor Foto Duplikat: Temukan dan hapus foto duplikat dengan otomatis mempertahankan foto yang paling jernih.
• Kompresi Media: Kompres video 4K dan foto resolusi tinggi tanpa penurunan kualitas yang terlihat.
• Pembersih Cache Aplikasi: Identifikasi aplikasi yang menumpuk file cache besar dengan mudah.
• Brankas Aman: Lindungi foto dan file pribadi di brankas lokal yang aman.
• Kedaluwarsa Unduhan: Deteksi file unduhan lama yang berusia lebih dari 30, 60, atau 90 hari.
• Analisis Penyimpanan: Grafik jelas yang menampilkan distribusi ruang antara foto, video, aplikasi, dan dokumen.

Privasi:
Semua pemindaian dan penghapusan dilakukan secara lokal di perangkat Anda. File pribadi Anda tidak pernah diunggah ke server luar."
Malay,ms-MY,Pembersih Storan AI,"Bersihkan storan, padam foto pendua dan padam sampel cache aplikasi.","Pembersih Storan AI membantu anda mengoptimumkan ruang storan peranti dengan alat pengurusan fail pintar.

Ciri-ciri Utama:
• Imbasan Pintar AI: Kesan cache sistem, fail sementara dan data sisa dalam satu ketikan.
• Pembersih Galeri Leret: Leret ke kiri untuk memadam foto dan leret ke kanan untuk menyimpan foto terbaik.
• Pengesan Foto Pendua: Cari dan padam foto pendua sambil mengekalkan gambar yang paling jelas secara automatik.
• Pemampatan Media: Mampatkan video 4K dan foto resolusi tinggi tanpa kehilangan kualiti yang ketara.
• Pembersih Cache Aplikasi: Kenal pasti aplikasi yang mengumpul fail cache yang besar dengan mudah.
• Peti Besi Selamat: Lindungi foto dan fail peribadi dalam peti besi tempatan yang selamat.
• Tamat Tempoh Muat Turun: Kesan fail muat turun lama yang melebihi 30, 60 atau 90 hari.
• Analisis Storan: Graf jelas yang menunjukkan taburan ruang antara foto, video, aplikasi dan dokumen.

Privasi:
Semua imbasan dan pemadaman berlaku secara tempatan pada peranti anda. Fail peribadi anda tidak pernah dimuat naik ke pelayan luar."
Hebrew,he-IL,מנקה אחסון AI,"נקה את שטח האחסון, הסר תמונות כפולות ומחק את המטמון של האפליקציות.","מנקה אחסון AI עוזר לך למטב את שטח האחסון במכשיר ולפנות מקום יקר באמצעות כלי ניהול קבצים חכמים.

תכונות עיקריות:
• סריקה חכמה בטכנולוגיית AI: זיהוי מטמון מערכת, קבצים זמניים ונתונים מיוותרים בלחיצה אחת.
• ניקוי גלריה בהחלקה: החלק שמאלה כדי למחוק תמונות לא רצויות והחלק ימינה כדי לשמור את התמונות הטובות ביותר.
• גילוי תמונות כפולות: איתור ומחיקת תמונות כפולות תוך שמירה אוטומטית של התמונה הברורה ביותר.
• דחיסת מדיה: דחיסת סרטוני 4K ותמונות ברזולוציה גבוהה ללא איבוד איכות מורגש.
• ניקוי מטמון אפליקציות: זיהוי קל של אפליקציות שצוברות קבצי מטמון כבדים.
• כספת מאובטחת: הגנה על תמונות וקבצים רגישים בכספת מקומית מאובטחת.
• תפוגת הורדות ישנות: זיהוי אוטומטי של קבצים שהורדו לפני יותר מ-30, 60 או 90 ימים.
• ניתוח אחסון: תרשימים ברורים המציגים את התפלגות השטח בין תמונות, סרטונים, אפליקציות ומסמכים.

פרטיות:
כל הסריקות והמחיקות מתבצעות באופן מקומי במכשיר שלך. הקבצים האישיים שלך אינם מועלים לעולם לשרתים חיצוניים."
Ukrainian,uk-UA,Очищення пам'яті AI,"Очищайте пам'ять, видаляйте дублікати фото та кеш додатків легко й швидко.","Очищення пам'яті AI допомагає оптимізувати простір на вашому пристрої за допомогою розумних інструментів управління файлами.

Основні функції:
• AI Розумне Сканування: Виявляйте системний кеш, тимчасові файли та залишкове сміття в один дотик.
• Свайп-очищення галереї: Змахуйте ліворуч для видалення непотрібних фото та праворуч для збереження найкращих кадрів.
• Пошук дублікатів фото: Знаходьте та видаляйте схожі знімки, автоматично зберігаючи найчіткіше фото.
• Стиснення медіафайлів: Стискайте 4K-відео та фото високої роздільної здатності без помітної втрати якості.
• Очищення кешу додатків: Зручно переглядайте та очищайте накопичений кеш додатків.
• Захищене сховище: Зберігайте приватні фото та важливі файли в безпечній локальній папці.
• Термін служби завантажень: Знаходьте застарілі файли в папці завантажень старіші за 30, 60 або 90 днів.
• Аналітика пам'яті: Наочні діаграми розподілу пам'яті між фото, відео, додатками та документами.

Конфіденційність:
Усі процеси сканування та видалення виконуються локально на вашому пристрої. Ваші особисті файли ніколи не передаються на сторонні сервери."
